{
    "rmse": 0.7784219910487968,
    "mae": 0.6375037020949571,
    "r2": 0.020454383594445957
}